	dw LeefEggMoves      ; Leef
	dw BlossomoleEggMoves      ; Blossomole
	dw BlossomiteEggMoves      ; Blossomite
	dw FlambearEggMoves      ; Flambear
	dw VolbearEggMoves      ; Volbear
	dw DynabearEggMoves      ; Dynabear
	dw CruzEggMoves      ; Cruz
	dw AquaEggMoves      ; Aqua
	dw AquariaEggMoves      ; Aquaria
	dw HoothootEggMoves      ; Hoothoot
	dw HoohooEggMoves      ; Hoohoo
	dw MareepEggMoves      ; Mareep
	dw FlaaffyEggMoves      ; Flaaffy
	dw AmpharosEggMoves      ; Ampharos
	dw TrifoxEggMoves      ; Trifox
	dw TangelEggMoves      ; Tangel
	dw GelanlaEggMoves      ; Gelanla
	dw RayleepEggMoves      ; Rayleep
	dw QwilfishEggMoves      ; Qwilfish
	dw NumpuffEggMoves      ; Numpuff
	dw PichuEggMoves      ; Pichu
	dw CleffaEggMoves      ; Cleffa
	dw IgglybuffEggMoves      ; Igglybuff
	dw QuagsireEggMoves      ; Quagsire
	dw NatuEggMoves      ; Natu
	dw XatuEggMoves      ; Xatu
	dw GolppyEggMoves      ; Golppy
	dw MarillEggMoves      ; Marill
	dw SunmolaEggMoves      ; Sunmola
	dw AnchorageEggMoves      ; Anchorage
	dw GrotessEggMoves      ; Grotess
	dw CrobatEggMoves      ; Crobat
	dw ParasyEggMoves      ; Parasy
	dw SpinarakEggMoves      ; Spinarak
	dw AriadosEggMoves      ; Ariados
	dw SkarmoryEggMoves      ; Skarmory
	dw LykwyseEggMoves      ; Lykwyse
	dw DounoEggMoves      ; Douno
	dw SunfloraEggMoves      ; Sunflora
	dw PhanpyEggMoves      ; Phanpy
	dw DonphanEggMoves      ; Donphan
	dw TwinzEggMoves      ; Twinz
	dw GirafarigEggMoves      ; Girafarig
	dw SmeargleEggMoves      ; Smeargle
	dw MeowsyEggMoves      ; Meowsy
	dw RinringEggMoves      ; Rinring
	dw BellboyantEggMoves      ; Bellboyant
	dw PolitoedEggMoves      ; Politoed
	dw SlowkingEggMoves      ; Slowking
	dw UnownEggMoves      ; Unown
	dw LedybaEggMoves      ; Ledyba
	dw TripstarEggMoves      ; Tripstar
	dw MinicornEggMoves      ; Minicorn
	dw EspeonEggMoves      ; Espeon
	dw UmbreonEggMoves      ; Umbreon
	dw TurbannEggMoves      ; Turbann
	dw GrimeyEggMoves      ; Grimey
	dw RemoraidEggMoves      ; Remoraid
	dw OctilleryEggMoves      ; Octillery
	dw GohngEggMoves      ; Gohng
	dw HitmontopEggMoves      ; Hitmontop
	dw PuddiEggMoves      ; Puddi
	dw LefmewEggMoves      ; Lefmew
	dw DandemewEggMoves      ; Dandemew
	dw CottomewEggMoves      ; Cottomew
	dw BallerineEggMoves      ; Ballerine
	dw SmoochumEggMoves      ; Smoochum
	dw ElekidEggMoves      ; Elekid
	dw MagbyEggMoves      ; Magby
	dw BellossomEggMoves      ; Bellossom
	dw BelmittEggMoves      ; Belmitt
	dw MiltankEggMoves      ; Miltank
	dw BomseelEggMoves      ; Bomseel
	dw DelibirdEggMoves      ; Delibird
	dw KotoraEggMoves      ; Kotora
	dw RaitoraEggMoves      ; Raitora
	dw MadameEggMoves      ; Madame
	dw KurstrawEggMoves      ; Kurstraw
	dw PangshiEggMoves      ; Pangshi
	dw MurkrowEggMoves      ; Murkrow
	dw BlisseyEggMoves      ; Blissey
	dw ScizorEggMoves      ; Scizor
	dw PluxEggMoves      ; Plux
	dw HoundourEggMoves      ; Houndour
	dw HoundoomEggMoves      ; Houndoom
	dw WolfmanEggMoves      ; Wolfman
	dw WarwolfEggMoves      ; Warwolf
	dw Porygon2EggMoves      ; Porygon2
	dw LikkEggMoves      ; Likk
	dw SteelixEggMoves      ; Steelix
	dw KingdraEggMoves      ; Kingdra
	dw RaiEggMoves      ; Rai
	dw EnEggMoves      ; En
	dw SuiEggMoves      ; Sui
	dw SneaselEggMoves      ; Sneasel
	dw Ho_OhEggMoves      ; Ho_Oh
	dw TogepiEggMoves      ; Togepi
	dw SnubbullEggMoves      ; Snubbull
	dw AipomEggMoves      ; Aipom
	dw LeafeonEggMoves      ; Leafeon